Journal,Started,ISSN,URL,Type,SSCI,REC,h5,IF,R2013,OP2P,DOAJ_LINK,2014_h5,NOTES
A C E T Journal of Computer Education and Research,2003,1547-3716,http://acetweb.org/journal.php,Open,--,,,,x,,,,
AACE Journal.,1993,1551-3696,,z,--,,,,x,,,,
Access,,,http://www.asla.org.au/publications/access.aspx,Sub.,--,,,,x,,,,
ACM Transactions on Knowledge Discovery from Data,2007,1556-4681,http://tkdd.acm.org/,Sub.,Yes,,24,1.147,x,,,40,
Adult Education Quarterly,,0741-7136 ,http://aeq.sagepub.com/,Sub.,Yes,,22,0.918,x,,,,
Advanced Technology for Learning,2004,1710-2251,http://www.actapress.com/Content_Of_Journal.aspx?JournalID=63,Sub.,--,,,,x,,,,
All Ireland Journal of Teaching and Learning in Higher Education (AISHE-J),,2009-3160,http://ojs.aishe.org/,Open,--,,4,,56,,,,
"American Journal of Distance Education, The",1983,0892-3647,http://www.tandfonline.com/hajd,Sub.,--,,,,x,,,,
Asian Journal of Distance Education,2003,1347-9008,http://www.asianjde.org/,Open,--,,,,x,,http://doaj.org/toc/1347-9008,,
Asian Journal on Education and Learning (AJEL),,1906-7151,http://www.ajel.info/,Open,--,,,,38,,,,
Assessment and Evaluation in Higher Education,1981,1469-297X,http://www.tandfonline.com/caeh,Sub.,Yes,,-,1.677,x,,,,
Assistive Technology,1989,1040-0435,http://www.tandfonline.com/uaty,Sub.,Yes,,12,1.4,x,,,,
Australasian Journal of Educational Technology (AJET),1985,1449-5554,http://ajet.org.au/,Open,Yes,Yes,33,1.198,02,,http://doaj.org/toc/1449-5554,30,
Australian Educational Computing,1986,0816-9020,http://acce.edu.au/acce/acce-publications/educational-computing,Sub.,--,,,,x,,,,
Australian Journal of Adult Learning,,1443-1394,https://ala.asn.au/publications/,Sub.,Yes,,10,0.165,x,,,,
British Journal of Educational Technology,1970,1467-8535,http://onlinelibrary.wiley.com/journal/10.1111/(ISSN)1467-8535,Sub.,Yes,,48,1.394,x,,,44,
Bulletin of the American Society for Information Science & Technology,,1550-8366,http://www.asis.org/bulletin.html,Sub.,--,,,,x,,,,
Business Education Forum,,0007-6678,http://www.nbea.org/newsite/publications/business_forum.html,Sub.,--,,,,x,,,,
C A L I C O Journal,1983,2056-9017,http://www.equinoxpub.com/journals/index.php/CALICO,Sub.,--,,,,x,,,,
Campus Wide Information Systems,1984,1065-0741,http://www.emeraldgrouppublishing.com/products/journals/journals.htm?id=CWIS,Sub.,--,,,,x,,,,
Canadian Journal of Learning and Technology (CJLT),1972,1499-6685,http://www.cjlt.ca/,Open,--,Yes,13,,10,,http://doaj.org/toc/1499-6685,,
Cognition and Instruction,1984,1532-690X,http://www.tandfonline.com/hcgi,Sub.,Yes,,-,2.403,x,,,,
Computer Applications in Engineering Education,1992,1099-0542,http://onlinelibrary.wiley.com/journal/10.1002/(ISSN)1099-0542,Sub.,Yes,,17,0.725,x,,,,
Computer Assisted Language Learning,1990,0958-8221,http://www.tandfonline.com/ncal,Sub.,Yes,,22,1.25,x,,,20,
Computer Education,1969,0010-4590,http://www.naace.co.uk/advancingeducation,Sub.,--,,,,x,,,,
Computer Science Education,1988,0899-3408,http://www.tandfonline.com/ncse,Sub.,--,,,,x,,,,
Computers & Education,1977,0360-1315,http://www.journals.elsevier.com/computers-and-education,Sub.,Yes,,88,3.242,x,,,81,
Computers and Composition,1983,8755-4615,http://www.bgsu.edu/cconline,Sub.,--,,,,x,,,,
Computers and Composition Online (CCO),,1873-2011,http://www.bgsu.edu/cconline,Open,--,,,,48,,,,
Computers in Education Journal,1965,1069-3769,http://www.asee.org/papers-and-publications/publications/division-publications/computers-in-education-journal,Sub.,--,,,,x,,,,
Computers in Human Behavior,1985,0747-5632,http://www.journals.elsevier.com/computers-in-human-behavior/,Sub.,Yes,,75,3.047,x,,,,
Computers in New Zealand Schools,1989,0114-4081,http://www.otago.ac.nz/press/journals/computersnzschools/,Sub.,--,,,,x,,,,
Computers in the Schools,1984,0738-0569,http://www.tandfonline.com/wcis,Sub.,--,,,,x,,,,
Contemporary Educational Technology,2010,1309-517X,http://www.cedtech.net/,Sub.,--,,,,x,,,,
Contemporary Issues in Technology and Teacher Education (CITE Journal),2000,1528-5804,http://www.citejournal.org/,Open,--,Yes,12,,09,,http://doaj.org/toc/1528-5804,,
Continuing Professional Development,,1460-7468,http://www.imcassociation.edu/journals/journal.aspx?jid=2,Sub.,--,,,,x,,,,
Convergence: The Journal of Research into new Media Technologies,,1748-7382,http://convergence.beds.ac.uk/,Sub.,Yes,,21,( ),x,,,,
Current Issues in Emerging eLearning (CIEE),2014,2373-6089,http://scholarworks.umb.edu/ciee/,Open,--,,,,x,,,,
Cypriot Journal of Educational Sciences (CJES),,1305-905X,http://www.world-education-center.org/index.php/cjes,Open,--,,,,66,,http://doaj.org/toc/1305-905X,,
Design and Technology Education (DATE),1995,2040-8633,http://ojs.lboro.ac.uk/ojs/index.php/DATE/,Open,--,,,,37,,http://doaj.org/toc/2040-8633,,
Digital Culture & Education (DCE),2009,1836-8301,http://www.digitalcultureandeducation.com/,Open,--,,,,54,,http://doaj.org/toc/1836-8301,,
Distance Education,1980,0158-7919,http://www.tandfonline.com/cdie,Sub.,Yes,,25,0.955,x,,,22,
Distance Education Journal,1983,1538-9286,http://www.tandfonline.com/hajd,Sub.,--,,,,x,,,,
e-Journal of Instructional Science and Technology,,1573-7608,http://link.springer.com/journal/10639,Sub.,--,,,,x,,,,
E-Learning and Digital Media,2004,2042-7530,http://www.wwwords.co.uk/elea/,Sub.,--,,,,x,,,,
E-Learning and Education,2005,1860-7470,http://eleed.campussource.de/,Sub.,--,,,,x,,,,
Education and Information Technologies,1996,1360-2357,http://link.springer.com/journal/10639,Sub.,--,,,,x,,,,
Education for Information,,0167-8329,http://www.iospress.nl/journal/education-for-information/,Sub.,Yes,,-,( ),x,,,,
Educational Designer (ED),,1759-1325,http://www.educationaldesigner.org/,Open,--,,,,51,,,,
Educational Media International,1967,1469-5790,http://www.tandfonline.com/remi,Sub.,--,,,,x,,,,
Educational Technology & Society (ETS),1998,1436-4522,http://www.ifets.info,Open,Yes,Yes,40,1.34,04,,http://doaj.org/toc/1436-4522,39,
Educational Technology Research & Development (ETR&D),1989,1042-1629,http://link.springer.com/journal/11423,S/O,Yes,,34,1.535,x,Yes,,33,
Educational Technology: The Magazine for Managers of Change in Education,1961, 0013-1962,http://asianvu.com/bookstoread/etp,Sub.,--,,,,x,,,,
Educause Quarterly,1978,1528-5324,http://www.educause.edu/ero/archive/eq,z,--,,,,x,,,,
EDUCAUSE Quarterly / Review (EDUCAUSE),,1527-6619,http://www.educause.edu/ero/about,Open,--,Yes,-,,01,,http://doaj.org/toc/1527-6619,,
Educause Review,1966,1527-6619,http://www.educause.edu/ero/archive/er,z,--,,,,x,,,,
eLearning Papers (eL Papers),2006,1887-1542,http://www.openeducationeuropa.eu/en/elearning_papers,Open,--,Yes,,,28,,http://doaj.org/toc/1887-1542,,
Electronic Journal for the Integration of Technology in Education,2001,1556-5378,,Sub.,--,,,,x,,,,
Electronic Journal of e-Learning (EJEL),2003,1479-4403,http://www.ejel.org/,Open,--,Yes,16,,13,,http://doaj.org/toc/1479-4403,,
eMinds: International Journal of Human Computer Interaction,2004,1887-3022,http://www.eminds.uniovi.es,Open,--,,,,x,,http://doaj.org/toc/1887-3022,,
"Eurasia Journal of Mathematics, Science & Technology Education",2005,1305-8223,http://www.ejmste.com/,Sub.,Yes,,14,( ),x,,,,
European Journal of Open and Distance Learning (EURODL),1995,1027-5207,http://www.eurodl.org/,Open,--,Yes,-,,08,,http://doaj.org/toc/1027-5207,,
First Monday,1995,1396-0466,http://firstmonday.org/,Open,--,Yes,31,,05,,http://doaj.org/toc/1396-0466,,
Flexible Online Learning,1998,1329-8526,http://tojde.anadolu.edu.tr/tojde4/flexible.html,Sub.,--,,,,x,,,,
Harvard Educational Review,1980,1943-5045,http://www.hepg.org/main/her/Index.html,Sub.,Yes,,21,1.317,x,,,,
Higher Education: International Journal of Higher Education and Educational Planning,,0018-1560,http://link.springer.com/journal/10734,Sub.,Yes,,38,1.124,x,,,,
Hispanic Educational Technology Services Online Journal (HETS),,--,http://hets.org/ejournal/,Open,--,,,,71,,,,
Hybrid Pedagogy,2012,2332-2098,http://www.hybridpedagogy.com,Open,--,,,,50,,,,
"I A L L T Journal of Language Learning Technologies, The http://iallt.org/",1968,1050-0049,http://www.iallt.org/iallt_journal,Sub.,--,,,,x,,,,
IEEE Transactions on Learning Technologies (TLT),,1939-1382,http://www.computer.org/portal/web/tlt,Open,Yes,Yes,28,1.383,13,,,1,
in education,2009,1708-2749,http://ineducation.ca/,Open,--,,,,65,,http://doaj.org/toc/1708-2749,,
Indian Journal of Open Learning,1992,0971-2690,http://journal.ignouonline.ac.in/iojp/index.php/IJOL,Sub.,--,,,,x,,,,
Information and Knowledge Management (JIKM),2007,1793-6926,http://www.worldscientific.com/worldscinet/jikm,Open,--,,,,30,,,,
Information Development,1985,1741-6469,http://idv.sagepub.com/,Sub.,Yes,,11,0.357,x,,,,
Information Processing & Management,1975,0306-4573,http://www.journals.elsevier.com/information-processing-and-management/,Sub.,Yes,,29,1.481,x,,,,
Information Research: An International Electronic Journal,1995,1368-1613,http://informationr.net/ir/,Open,Yes,,-,0.925,x,,https://doaj.org/toc/1368-1613,,
Information Systems Education Journal,2003,1545-679X,http://isedj.org/,Sub.,--,,,,x,,,,
Information Technologies and International Development,2003,1544-7529,http://itidjournal.org/itid,Sub.,--,,,,x,,,,
Information Technology and Disabilities,1994,1073-5127,http://itd.athenpro.org/,Sub.,--,,,,x,,,,
Information Technology and Libraries,1982,2163-5226,http://ejournals.bc.edu/ojs/index.php/ital,Sub.,Yes,,16,( ),x,,,,
Information Technology in Childhood Education Annual,,1522-8185,http://www.editlib.org/j/ITCE/,Sub.,--,,,,x,,,,
"Information Technology, Education and Society",2000,1037-616X,http://www.jamesnicholaspublishers.com.au/journals/ites/,Sub.,--,,,,x,,,,
"Information Technology, Learning and Performance Journal",1999,1535-1556,http://www.osra.org/journal.html,Sub.,--,,,,x,,,,
Informing Science: The International Journal of an Emerging Transdiscipline (InformingSciJ),1998,1547-9684,http://www.informingscience.us/icarus/journals/informingscij/,Open,--,,,,45,,http://doaj.org/toc/1547-9684,,
Innovate: Journal of Online Education,2004,1552-3233,http://www.editlib.org/j/ISSN-1552-3233/,z,--,,,,x,,,,
Innovation in Knowledge-Based & Intelligent Engineering Systems (Archived),,1327-2314 ,http://www.kesinternational.org/journal,Sub.,--,,,,x,,,,
Innovation Journal: The Public Sector Innovation Journal,,1715-3816,http://www.innovation.cc/,Sub.,--,,,,x,,,,
Innovations in Education and Teaching International (Print),1964,1470-3297,http://www.tandfonline.com/toc/riie20/current,Sub.,Yes,,20,0.8,x,,,,
Innovative Higher Education,,1573-1758,http://link.springer.com/journal/10755,Sub.,--,,,,x,,,,
Institute for S T E M Education and Research,2000,1557-5284,http://ojs.jstem.org/index.php?journal=JSTEM,Sub.,--,,,,x,,,,
"Institution of Engineering and Technology, The",1980,1751-8822,http://www.theiet.org/,Sub.,--,,,,x,,,,
Instructional Science,1972,1573-1952,http://link.springer.com/journal/11251,Sub.,Yes,,32,2.016,x,,,,
Interacting With Computers,,0953-5438,http://iwc.oxfordjournals.org/,Sub.,Yes,,31,1.365,x,,,,
Interaction Design and Architecture(s) (IxD&A),,1826-9745,http://www.mifav.uniroma2.it/inevent/events/idea2010,Open,--,,,,64,,http://doaj.org/toc/1826-9745,,
InterActions : UCLA Journal of Education and Information Studies (InterActions),,1548-3320,http://repositories.cdlib.org/gseis/interactions/,Open,--,,,,59,,http://doaj.org/toc/1548-3320,,
Interactive Educational Multimedia,,1576-4990,http://dialnet.unirioja.es/servlet/revista?codigo=5030,Sub.,--,,,,x,,,,
Interactive Learning Environments,1990,1049-4820,http://www.tandfonline.com/loi/nile20,Sub.,Yes,,25,1.032,x,,,23,
Interdisciplinary Journal of E-Learning and Learning Objects (IJELLO),,1552-2237,http://ijklo.org/,Open,--,,,,49,,http://doaj.org/toc/1552-2237,,
"Interdisciplinary Journal of Information, Knowledge and Management",2006,1555-1237,http://ijikm.org/,Sub.,--,,,,x,,,,
"International Journal for Technology in Mathematics Education, The",1994,1744-2710,http://www.researchinformation.co.uk/time.php,Sub.,--,,,,x,,,,
International Journal for the Scholarship of Teaching and Learning,,1550-6908,http://www.itdl.org/index.htm,Sub.,--,,,,x,,,,
International Journal of Artificial Intelligence in Education,1989,1560-4306,http://www.ijaied.org,Open,--,Yes,18,,x,,,19,
International Journal of Computer-Supported Collaborative Learning,2006,1556-1607,http://ijcscl.org/,Sub.,Yes,,25,2.609,x,,,25,
International Journal of Continuing Engineering Education and Life-long Learning,1990,1741-5055,http://www.inderscience.com/ijceell,Sub.,--,,,,x,,,,
International Journal of Cooperative Information Systems (IJCIS),,1793-6365,http://www.worldscinet.com/ijcis/ijcis.shtml,Sub.,Yes,,-,0.694,x,,,,
International Journal of Designs for Learning (IJDL),,2159-449X,http://scholarworks.iu.edu/journals/index.php/ijdl,Open,--,Yes,,,29,,http://doaj.org/toc/2159-449X,,
International Journal of Distance Education Technologies,2003,1539-3100,http://www.ijdet.com/,Sub.,--,,,,x,,,,
International Journal of E-Collaboration,2005,1548-3681,http://www.igi-global.com/journal/international-journal-collaboration-ijec/1090,Sub.,--,,,,x,,,,
International Journal of E-Learning (IJEL),,1537-2456,http://www.aace.org/pubs/ijel/,Sub.,--,,,,x,,,,
International Journal of Education and Development using Information and Communication Technology (IJEDICT),2005,1814-0556,http://ijedict.dec.uwi.edu/,Open,--,,,,39,,http://doaj.org/toc/1814-0556,,
International Journal of Educational Research,,0883-0355,http://www.journals.elsevier.com/international-journal-of-educational-research/,Sub.,--,,,,x,,,,
International Journal of Educational Research and Technology (IJERT),,0976-4089,http://soeagra.com/ijert.html,Open,--,Yes,-,,18,,http://doaj.org/toc/0976-4089,,
International Journal of Educational Technology,,1327-7308,http://education.illinois.edu/ijet/,Sub.,--,,,,x,,,,
International Journal of Electrical Engineering Education (IJEEE),1963, 0020-7209,http://www.eee.manchester.ac.uk/about-us/ijeee/,Sub.,Yes,,8,0.215,x,,,,
International Journal of Emerging Technologies in Learning (iJET),2006,1863-0383,http://online-journals.org/i-jet,Open,--,,,,23,,http://doaj.org/toc/1863-0383,,
International Journal of ePortfolio (IJeP),2010,2157-622X,http://www.theijep.com/,Open,--,,,,53,,http://doaj.org/toc/2157-622X,,
"International Journal of Fashion Design, Technology and Education",,1754-3266,http://www.tandfonline.com/tfdt,Sub.,--,,,,x,,,,
International Journal of Gaming and Computer Mediated Simulations,2009,1942-3888,http://www.igi-global.com/journal/international-journal-gaming-computer-mediated/1125,Sub.,--,,,,x,,,,
International Journal of Human Computer Studies,1954,1071-5819,http://www.journals.elsevier.com/international-journal-of-human-computer-studies/,Sub.,Yes,,34,1.942,x,,,,
International Journal of Human-Computer Interaction,,0737-0024,http://www.tandfonline.com/loi/hhci20#.VRsHbfnF98E,Sub.,Yes,,25,2.692,x,,,,
International Journal of Human-Computer Interaction,1989,1044-7318,http://www.hcirn.com/res/period/ijhci.php,Sub.,Yes,,25,1.193,x,,,,
International Journal of Humanities and Social Sciences (IJHSS),,2221-0989,http://www.ijhssnet.com/,Open,--,,,,52,,,,
International Journal of Information and Communication Technology Education,2005,1550-1876,http://www.igi-global.com/journal/international-journal-information-communication-technology/1082,Sub.,--,,,,x,,,,
International Journal of Information and Education Technology (IJIET),,2010-3689,http://www.ijiet.org,Open,--,,,,34,,http://doaj.org/toc/2010-3689,,
International Journal of Information and Operations Management Education,2005,1744-2311,http://www.inderscience.com/ijiome,Sub.,--,,,,x,,,,
International Journal of Innovation and Learning,2003,1741-8089,http://www.inderscience.com/ijil,Sub.,--,,,,x,,,,
International Journal of Instruction (IJI),,1308-1470,http://www.e-iji.net/,Open,--,,,,62,,http://doaj.org/toc/1308-1470,,
International Journal of Instructional Media,1978,0892-1815,http://www.adprima.com/ijim.htm,Sub.,--,,,,x,,,,
International Journal of Instructional Technology and Distance Learning (IJITDL),2004,1550-6908,http://www.itdl.org/,Open,--,,,,36,,,,
International Journal of Interactive Mobile Technologies (iJOM),,1865-7923,http://online-journals.org/i-jim,Open,--,,,,63,,http://doaj.org/toc/1865-7923,,
International Journal of Interactive Technology and Smart Education,2004,1741-5659,http://www.emeraldinsight.com/loi/itse,Sub.,--,,,,x,,,,
International Journal of K-12 Online and Blended Learning,2011,,http://www.ijkobl.com,Sub.,--,,,,x,,,,
International Journal of Knowledge and Learning (IJKL) ,2005,1741-1017,http://www.inderscience.com/ijkl,Sub.,--,,,,x,,,,
International Journal of Learning Technology,2004,1741-8119,http://www.inderscience.com/ijlt,Sub.,--,,,,x,,,,
International Journal of Mathematical Education in Science and Technology,1970,1573-1774,http://www.tandfonline.com/tmes,Sub.,Yes,,15,0.636,x,,,,
International Journal of Mobile Learning and Organisation (IJMLO),2007,1746-7268,http://www.inderscience.com/ijmlo/,Sub.,--,,,,x,,,,
International Journal of Modern Education and Computer Science (IJMECS),,2075-017X,http://www.mecs-press.org/ijmecs/,Open,--,,,,72,,http://doaj.org/toc/2075-017X,,
International Journal of Multimedia Technology (IJMT),,2226-7875,http://www.vkingpub.com/Journal/IJMT/,Open,--,,,,57,,http://doaj.org/toc/2226-7875,,
International Journal of Online Pedagogy and Course Design,2011,2155-6873,http://www.igi-global.com/journal/international-journal-online-pedagogy-course/1183,Sub.,--,,,,x,,,,
International Journal of Teaching and Learning in Higher Education,2005,1812-9129,http://www.isetl.org/ijtlhe/,Sub.,--,,,,x,,,,
International Journal of Technology and Design Education,1989,0957-7572,http://www.springer.com/education/journal/10798,Sub.,Yes,,18,0.902,x,,,,
International Journal of Technology Enhanced Learning,2008,1753-5255,http://www.inderscience.com/ijtel,Sub.,--,,,,x,,,,
International Journal of Technology in Teaching and Learning,2005,1551-2576,http://www.sicet.org/journals/ijttl/ijttl.html,Sub.,--,,,,x,,,,
International Journal of Web-based Learning and Teaching Technologies,2006,1548-1107,http://www.igi-global.com/journal/international-journal-web-based-learning/1081,Sub.,--,,,,x,,,,
International Journal on Semantic Web and Information Systems,2005,1552-6283,http://www.ijswis.org,Sub.,Yes,,-,2.092,x,,,,
International Research in Education (IRE),,2327-5499,http://ire.macrothink.org/,Open,--,,,,22,,http://doaj.org/toc/2327-5499,,
International Review of Research in Open and Distance Learning (IRRODL),2000,1492-3831,http://www.irrodl.org/,Open,Yes,Yes,36,0.748,03,,http://doaj.org/toc/1492-3831,34,
"Internet and Higher Education, The",1998,1096-7516,http://www.journals.elsevier.com/the-internet-and-higher-education/,Sub.,Yes,,44,2.635,x,,,35,
Internet Learning Journal,2012,2325-0585,http://www.ipsonet.org/publications/open-access/internet-learning,Open,--,,,,x,,,,
Issues and Trends in Educational Technology (ITET),,2168-1325,https://journals.uair.arizona.edu/index.php/itet,Open,--,,,,31,,,,
Issues in Informing Science and Information Technology,2004,1547-5867,http://iisit.org/,Sub.,--,,,,x,,,,
Journal of Artificial Societies and Social Simulation (JASSS),1998,1460-7425,http://jasss.soc.surrey.ac.uk/,Open,Yes,,18,1.131,x,,,,
Journal of Asynchronous Learning Networks (JALN),,1358-5363,http://olj.onlinelearningconsortium.org/,***,--,Yes,19,,11,,,,"Spring 2015: Merged with JOLT. Will be published under the renamed ""Online Learning"" journal."
Journal of Computer Assisted Learning,1985,1365-2729,http://jcal.info/,Sub.,Yes,,41,1.836,x,,,38,
Journal of Computer Information Systems,1960,0887-4417,http://www.iacis.org/jcis/jcis.php,Sub.,Yes,,24,0.801,x,,,,
Journal of Computer Science Education,,1744-5175,http://www.tandfonline.com/ncse,Sub.,--,,,,x,,,,
Journal of Computer-Mediated Communication (JCMC),1995,1083-6101,http://onlinelibrary.wiley.com/journal/10.1111/(ISSN)1083-6101,Sub.,Yes,,32,4.346,x,,,36,
Journal of Computers in Mathematics and Science Teaching (JCMST),1981,0731-9258,http://www.aace.org/pubs/jcmst/,Sub.,--,,,,x,,,,
Journal of Computing in Higher Education,1989,1042-1726,http://link.springer.com/journal/12528,Sub.,Yes,,-,0.826,x,,,,
Journal of Digital Information,1997,1368-7506,http://journals.tdl.org/jodi,Sub.,--,,,,x,,,,
Journal of Digital Learning in Teacher Education (JDLTE),,1040-2454,http://www.iste.org/jdlte,Sub.,--,,,,x,,,,
Journal of Distance Education (JDE),1986,0830-0445,http://www.jofde.ca,Open,--,Yes,-,,07,,http://doaj.org/toc/0830-0445,,
Journal of e-Learning and Knowledge Society (Je-LKS),,1971-8829,http://www.je-lks.org/,Open,--,,,,43,,http://doaj.org/toc/1971-8829,,
Journal of Education and e-Learning Research,2014,2410-9991,http://www.asianonlinejournals.com/index.php/JEELR/login,Open,--,,,,x,Yes,,,
Journal of Education and Training Studies (JETS),,2324-8068,http://redfame.com/journal/index.php/jets,Open,--,,,,55,,http://doaj.org/toc/2324-8068,,
Journal of Education for Library and Information Science,2006,0748-5786,http://www.alise.org/jelis,Sub.,Yes,,12,( ),x,,,,
Journal of Educational Computing Research,1984,0735-6331,http://www.baywood.com/journals/PreviewJournals.asp?Id=0735-6331,Sub.,Yes,,22,0.858,x,,,19,
Journal of Educational Multimedia and Hypermedia,1992,1055-8896,http://www.aace.org/pubs/jemh/,Sub.,--,,,,x,,,,
Journal of Educational Technology Systems,1972,0047-2395,http://www.baywood.com/journals/previewjournals.asp?id=0047-2395,Sub.,--,,,,x,,,,
"Journal of Electronic Publishing, The",1995,1080-2711,http://www.journalofelectronicpublishing.org/,Sub.,--,,,,x,,,,
Journal of Emerging Learning Design (ELDJ),,2328-6938,http://eldj.montclair.edu,Open,--,,,,60,,,,
Journal of Engineering Education,1993,2168-9830,http://www.asee.org/papers-and-publications/publications/jee,Sub.,Yes,,32,2.801,x,,,27,
Journal of Information Systems Education,1988,1055-3096,http://jise.org,Sub.,--,,,,x,,,,
Journal of Information Technology Education (JITE),2002,1539-3585,http://jite.org/,Open,--,,,,19,,http://doaj.org/toc/1539-3585,,
"Journal of Information, Information Technology and Organizations",2006,1557-1327,http://jiito.org,Sub.,--,,,,x,,,,
Journal of Instruction Delivery Systems,,0892-4872,http://www.salt.org/salt.asp?pn=jids,Sub.,--,,,,x,,,,
Journal of Instructional Science and Technology ,1995,1324-0781,http://www.ascilite.org.au/ajet/e-jist/,Sub.,--,,,,x,,,,
Journal of Interactive Instruction Development,,1040-0370,http://www.salt.org/salt.asp?pn=jiid,Sub.,--,,,,x,,,,
Journal of Interactive Learning Research,1997,1093-023X,http://www.aace.org/pubs/jilr/,Sub.,--,,,,x,,,,
Journal of Interactive Media in Education (JIME),1996,1365-893X,http://www-jime.open.ac.uk/,Open,--,,,,25,,http://doaj.org/toc/1365-893X,,
Journal of Interactive Online Learning (JIOL),2003,1541-4914,http://www.ncolr.org/,Open,--,,,,21,,http://doaj.org/toc/1541-4914,,
Journal of Interactive Technology & Pedagogy (JiTP),,2166-6245,http://jitp.commons.gc.cuny.edu/,Open,--,,,,46,,http://doaj.org/toc/2166-6245,,
Journal of Internet Commerce,2002,1533-2861,http://www.tandfonline.com/toc/wico20/current,Sub.,--,,,,x,,,,
Journal of Issues in Informing Science and Information Technology,2004, 1547-5867,http://iisit.org/,Open,--,,,,x,,http://doaj.org/toc/1547-5867,,
Journal of Learning Design (JLD),,1832-8342,http://www.jld.qut.edu.au/,Open,--,,,,26,,http://doaj.org/toc/1832-8342,,
Journal of Literacy and Technology (JLT),,1535-0975,http://www.literacyandtechnology.org/,Open,--,,,,42,,http://doaj.org/toc/1535-0975,,
"Journal of Literacy and Technology, The",1997,1535-0975,http://www.literacyandtechnology.org/,Sub.,--,,,,x,,,,
Journal of Media Literacy Education (JMLE),,2167-8715,http://digitalcommons.uri.edu/jmle/,Open,--,,,,47,,,,
"Journal of Music, Technology and Education",2008,1752-7066,"http://www.intellectbooks.co.uk/journals/view-journal,id=152/",Sub.,--,,,,x,,,,
Journal of Online Learning and Teaching (JOLT),2005,1558-9528,http://jolt.merlot.org/,***,--,Yes,20,,06,,http://doaj.org/toc/1558-9528,,"Spring 2015: Merged with OLC. Will be published under the renamed ""Online Learning"" journal."
Journal of Online Learning Research,2015,2374-1473,http://www.editlib.org/j/JOLR/,Open,--,,,,x,,,,
"Journal of Open, Flexible and Distance Learning (DEANZ)",,1179-7673,http://journals.akoaotearoa.ac.nz/index.php/JOFDL/,Open,--,,,,38,,https://doaj.org/toc/1179-7673,,
Journal of Research on Technology in Education,1967,1539-1523,http://www.iste.org/jrte,Sub.,--,,,,x,,,,
Journal of Science Education and Technology,1992,1059-0145,http://link.springer.com/journal/10956,Sub.,Yes,,24,1.296,x,,,,
Journal of Special Education Technology,1978,0162-6434,http://www.tamcec.org/jset/,Sub.,--,,,,x,,,,
Journal of STEM Education : Innovations and Research (JSTEM),,1557-5284,http://ojs.jstem.org/,Open,--,,,,32,,http://doaj.org/toc/1557-5284,,
Journal of Teaching and Learning with Technology (JoTLT),,2165-2554,http://jotlt.indiana.edu,Open,--,,,,24,,http://doaj.org/toc/2165-2554,,
Journal of Technology and Education in Nigeria,1995,1118-5570,http://www.ajol.info/joten,Sub.,--,,,,x,,,,
Journal of Technology and Science Education (JoTSE),,2013-6374,http://www.jotse.org/,Open,--,,,,40,,http://doaj.org/toc/2013-6374,,
Journal of Technology and Teacher Education,1993,1059-7069,http://www.aace.org/pubs/jtate/,Sub.,--,,,,x,,,,
Journal of Technology Education (JTE),1989,1045-1064,http://scholar.lib.vt.edu/ejournals/JTE/,Open,--,Yes,-,,17,,http://doaj.org/toc/1045-1064,,
Journal of Technology in Human Services,1985,1522-8991,http://wweb.uta.edu/faculty/schoech/cussn/jths/,Sub.,--,,,,x,,,,
Journal of Technology Studies,,1071-6084,http://scholar.lib.vt.edu/ejournals/JOTS/,Sub.,--,,,,x,,,,
"Journal of Technology, Learning and Assessment",,1540-2525,http://escholarship.bc.edu/jtla/,Sub.,--,,,,x,,,,
Journal of the American Society for Information Science and Technology ,1950,1532-2882,http://www.asis.org/jasist.html,Sub.,Yes,,54,2.381,x,,,,
Journal of the Learning Sciences,,1050-8406,http://www.tandfonline.com/toc/hlns20/current#.VNE_ly4mGR8,S/O,Yes,,-,3.26,x,,,,
Journal of Universal Computer Science (J.UCS),1994,0948-6968,http://www.jucs.org,Sub.,--,,,,x,,,,
Journal of Universal Science and Technology of Learning,2006,1991-0940,http://www.justl.org,Sub.,--,,,,x,,,,
Journal of Virtual Worlds Research (JVWR),,1941-8477,http://jvwresearch.org/,Open,--,,,,52,,http://doaj.org/toc/1941-8477,,
Journal of Visual Literacy,1981,1051-144X,http://www.ivla.org,Sub.,--,,,,x,,,,
Journal of Web Semantics,2003,1570-8268,http://www.journals.elsevier.com/journal-of-web-semantics/,Sub.,Yes,,-,2.05,x,,,,
Journal of Workplace Learning,,1366-5626,http://www.emeraldgrouppublishing.com/products/journals/journals.htm?id=jwl,Sub.,--,,,,x,,,,
Jurnal Teknologi,,1979-3405,http://www.jurnalteknologi.utm.my/,Open,--,,,,67,,http://doaj.org/toc/1979-3405,,
"Kairos: rhetoric, technology, pedagogy",1996,1521-2300,http://english.ttu.edu/Kairos/,Open,--,Yes,,,33,,http://doaj.org/toc/1521-2300,,
Know Genesis International Journal for Technical Communication,,0973-9408,http://calls.eserver.org/item/160,Sub.,--,,,,x,,,,
Knowledge Management & E-Learning (KM&EL),,2073-7904,http://www.kmel-journal.org/ojs/,Open,--,,,,54,,http://doaj.org/toc/2073-7904,,
Kybernetes,1972, 0368-492X,http://www.emeraldgrouppublishing.com/k.htm,Sub.,Yes,,15,0.377,x,,,,
"Language, Learning and Technology (LLT)",1997,1094-3501,http://llt.msu.edu/,Open,Yes,Yes,22,2.362,35,,http://doaj.org/toc/1094-3501,24,
Learning & Leading with Technology,1979,1082-5754,http://www.learningandleading-digital.com/,Sub.,--,,,,x,,,,
Learning and Instruction,1991,0959-4752,http://www.journals.elsevier.com/learning-and-instruction/,Sub.,Yes,,48,4.071,x,,,,
Learning Environments Research,1998,1573-1855,http://link.springer.com/journal/10984,Sub.,--,,,,x,,,,
Learning Technology:IEEE Computer Society,1999,1438-0625,http://www.ieeetclt.org/,Sub.,--,,,,x,,,,
"Learning, Media & Technology",1975,1743-9884,http://www.tandfonline.com/cjem,Sub.,Yes,,19,1.529,x,,,20,
Lifelong Learning in Europe (LLinE),,1239-6826,http://www.lline.fi/,Sub.,--,,,,x,,,,
Mathematics and Computer Education,1967,0730-8639,http://www.macejournal.org/,Sub.,--,,,,x,,,,
Mathematics Education Trends and Research (METR),,2195-4372,http://ispacs.com/metr/,Open,--,,,,68,,http://doaj.org/toc/2195-4372,,
Memory and Cognition,1973,1532-5946,http://link.springer.com/journal/13421,Sub.,Yes,,-,2.489,x,,,,
Meridian: A Middle School Computer Technologies Journal (MERIDIAN),,1097-9778,http://www.ncsu.edu/meridian/,Open,--,,,,61,,,,
Midwest Journal for Educational Communications and Technology,2007,1938-7709,http://www.wiu.edu/users/iaect/Journal.htm,Sub.,--,,,,x,,,,
Multicultural Educational & Technology Journal,2007,1750-497X,http://www.emeraldinsight.com/journal/metj,Sub.,--,,,,x,,,,
Multimedia & Internet@Schools,,1546-4636,http://www.mmischools.com,Sub.,--,,,,x,,,,
Multimedia Information & Technology,1973,1466-190X,http://www.cilip.org.uk/multimedia-information-and-technology-group/mmit-journal-0,Sub.,--,,,,x,,,,
New Media & Society,1999,1461-7315 ,http://nms.sagepub.com/,Sub.,Yes,,54,2.441,x,,,45,
Online Journal of Distance Learning Administration (OJDLA),1998,1556-3847,http://www.westga.edu/~distance/ojdla/,Open,--,Yes,-,,14,,http://doaj.org/toc/1556-3847,,
Online Learning Journal,,,http://onlinelearningconsortium.org/read/online-learning-journal/,Open,--,Yes,-,,(),,,,"Spring 2015: Formerly known as JALN, ""Online Learning"" merged with JOLT. OLC was ranked as #11 in the Perkins & Lowenthal survey and JALN was ranked #11."
"Open Learning: The Journal of Open, Distance and e-Learning",1985,0268-0513,http://www.tandfonline.com/copl,Sub.,--,,,,x,,,,
Open Praxis,,1369-9997,http://www.openpraxis.org/,Open,--,,,,27,,http://doaj.org/toc/1369-9997,,
Pakistan Journal of Education,1984,1818-3344,http://www.aiou.edu.pk/PakistanJournals.asp,Sub.,--,,,,x,,,,
Performance Improvement Quarterly,,0898-5952,http://www.ispi.org/content.aspx?id=154,Sub.,--,,,,x,,,,
Quarterly Review of Distance Education,2000,1528-3518,http://www.infoagepub.com/quarterly-review-of-distance-education.html,Sub.,--,,,,x,,,,
Radical Pedagogy,1998,1524-6345,http://www.radicalpedagogy.org/,Sub.,--,,,,x,,,,
ReCall,1989,0958-3440,http://journals.cambridge.org/rec,Sub.,Yes,,21,1.226,x,,,19,
Research in Learning Technology (ALT-J),1993,2156-7077,http://www.researchinlearningtechnology.net/,Open,--,Yes,,,20,,https://doaj.org/toc/2156-7077,,
Research in Science & Technological Education,1981,0263-5143,http://www.tandfonline.com/crst,Sub.,Yes,,--,0.194,x,,,,
Research Strategies,1980,0734-3310,http://www.sciencedirect.com/science/journal/07343310,Sub.,--,,,,x,,,,
"Review of Science, Mathematics and ICT Education (ReSMICTE)",,1792-3999,,Open,--,,,,69,,http://doaj.org/toc/1792-3999,,
Revista de Universidad y Sociedad del Conocimiento (RUSC),,1698-580X,http://rusc.uoc.edu/,Open,--,,,,67,,http://doaj.org/toc/1698-580X,,
Revue Internationale des Technologies en PÃ©dagogie Universitaire (RITPU),,1708-7570,http://www.ritpu.org/?lang=en,Open,--,,,,73,,http://doaj.org/toc/1708-7570,,
School Library Media Research,,2165-1019,http://www.ala.org/aasl/slr,Sub.,--,,,,x,,,,
Social Science Computer Review,1983,0894-4393,http://ssc.sagepub.com,Sub.,Yes,,28,1.686,x,,,,
Spreadsheets in Education (eJSIE),,1448-6156,http://epublications.bond.edu.au/ejsie/,Open,--,,,,73,,http://doaj.org/toc/1448-6156,,
Studies in Media & Information Literacy Education (SIMILE),,1496-6603,http://utpjournals.metapress.com/content/120764/,Sub.,--,,,,x,,,,
Teaching English with Technology (TEwT),,1642-1027,http://www.tewtjournal.org/,Open,--,,,,58,,http://doaj.org/toc/1642-1027,,
Technical Communication Quarterly,,1542-7625,http://www.tandfonline.com/htcq,Sub.,--,,,,x,,,,
Technology and Engineering Teacher,1939,0746-3537,http://www.iteea.org/Publications/ttt.htm,Sub.,--,,,,x,,,,
Technology and Learning,1980,1053-6728,http://www.techlearning.com/,Sub.,--,,,,x,,,,
Technology Innovations in Statistics Education (TISE),,1933-4214,http://www.escholarship.org/uc/uclastat_cts_tise,Open,--,,,,75,,http://doaj.org/toc/1933-4214,,
"Technology, Humanities, Education, and Narrative (THEN Journal)",2005,,http://thenjournal.org,Open,--,,,,x,,,,
"Technology, Instruction, Cognition and Learning",1968,1540-0182,http://www.oldcitypublishing.com/journals/ticl-home/,Sub.,--,,,,x,,,,
"Technology, Knowledge and Learning",1996,1382-3892,,Sub.,--,,,,x,,,,
"Technology, Pedagogy and Education",1992,1475-939X,http://www.tandfonline.com/rtpe,Sub.,--,,,,x,,,,
TechTrends,,1559-7075,http://link.springer.com/journal/11528,Sub.,--,,23,,x,,,18,
The Journal of Educators Online (JEO),2004,1547-500X,http://www.thejeo.com/,Open,--,,,,44,,http://doaj.org/toc/1547-500X,,
THE Journal: Transforming Education through Technology (THE Journal),1974,0192-592X,http://thejournal.com/,Open,--,,-,,11,,,,
Themes in Science and Technology Education (THESTE),,1791-3721,http://earthlab.uoi.gr/theste,Open,--,,,,70,,http://doaj.org/toc/1791-3721,,
Turkish Online Journal of Distance Education (TOJDE),,1302-6488,http://tojde.anadolu.edu.tr/,Open,--,Yes,10,,16,,http://doaj.org/toc/1302-6488,,
Turkish Online Journal of Educational Technology (TOJET),2002,1303-6521,http://www.tojet.net/,Open,--,Yes,26,,15,,http://doaj.org/toc/1303-6521,23,
User Modeling and User-Adapted Interaction,1991,0924-1868,http://www.umuai.org/,Sub.,Yes,,23,2.224,x,,,,
Virtual University Journal,1998,1460-7441,http://www.imcassociation.edu/journals/journal.aspx?jid=6,Sub.,--,,,,x,,,,
World Journal on Educational Technology (WJET),,1309-0348,http://www.world-education-center.org/index.php/wjet,Open,--,,,,41,,http://doaj.org/toc/1309-0348,,
World Transactions on Engineering and Technology Education (archived),2002,1446-2257,http://trove.nla.gov.au/work/32853173,Sub.,--,,,,x,,,,